Words,
a,
airline,
airlines,
all,
and,
are,
been,
breakdown,
breakup,
by,
companies,
company,
compare,
compares,
complete,
country,
detailed,
does,
economic,
expenses,
for,
forecasted,
general,
give,
globally,
have,
how,
in,
income,
incurred,
india,
industry,
information,
insurance,
is,
its,
life,
lloyds,
losses,
margins,
market,
me,
most,
non,
of,
oil,
others,
peers,
penetration,
performing,
premium,
premiums,
profile,
profit,
profitable,
proforma,
regions,
rigs,
show,
statement,
statements,
the,
through,
to,
top,
total,
trend,
what,
world,
years,
,
,
,
